name,email,phone_number,branch
Cezary Szewczyk,cezary.szewczyk@gmail.com,48624118366,Warszawa
Kazimiera Jaworska,kazimiera.jaworska@gmail.com,48604079190,Poznan
Karolina Pawlak,karolina.pawlak@gmail.com,48779626897,Gdansk
Damian Zalewski,damian.zalewski@gmail.com,48803779326,Warszawa
Bogumila Kowalska,bogumila.kowalska@gmail.com,48551337403,Lodz
Dagmara Pawlak,dagmara.pawlak@gmail.com,48731774589,Poznan
Filip Zielinski,filip.zielinski@gmail.com,48719982793,Krakow
Czeslawa Nowicka,czeslawa.nowicka@gmail.com,48686110885,Poznan
Artur Kowalczyk,artur.kowalczyk@gmail.com,48789659143,Warszawa
Kazimiera Nowakowska,kazimiera.nowakowska@gmail.com,48549439649,Warszawa
Hubert Pawlowski,hubert.pawlowski@gmail.com,48701500530,Warszawa
Joanna Malinowska,joanna.malinowska@gmail.com,48575665622,Lodz
Aleksander Dudek,aleksander.dudek@gmail.com,48625706862,Gdansk
Henryk Rutkowski,henryk.rutkowski@gmail.com,48542008793,Lodz
Emil Wieczorek,emil.wieczorek@gmail.com,48573781053,Lodz
Natalia Michalak,natalia.michalak@gmail.com,48708079912,Krakow
Franciszek Szewczyk,franciszek.szewczyk@gmail.com,48761906149,Krakow
Emilia Nowakowska,emilia.nowakowska@gmail.com,48772319872,Warszawa
Jakub Michalski,jakub.michalski@gmail.com,48613322954,Gdansk
Malgorzata Ostrowska,malgorzata.ostrowska@gmail.com,48682127119,Gdansk
Dorota Zajac,dorota.zajac@gmail.com,48712312975,Poznan
Jerzy Dudek,jerzy.dudek@gmail.com,48534530511,Lodz
Aleksander Baran,aleksander.baran@gmail.com,48598465339,Poznan
Bogdan Jankowski,bogdan.jankowski@gmail.com,48632128150,Krakow
Katarzyna Kowalska,katarzyna.kowalska@gmail.com,48530796352,Warszawa
Krystyna Dabrowska,krystyna.dabrowska@gmail.com,48646286141,Warszawa
Izabela Walczak,izabela.walczak@gmail.com,48795269377,Warszawa
Adrian Wojciechowski,adrian.wojciechowski@gmail.com,48808036702,Poznan
Marian Rutkowski,marian.rutkowski@gmail.com,48630446364,Gdansk
Blazej Stepien,blazej.stepien@gmail.com,48657029005,Warszawa
Edyta Wisniewska,edyta.wisniewska@gmail.com,48813788861,Lodz
Jozef Jaworski,jozef.jaworski@gmail.com,48589140000,Gdansk
Karolina Szewczyk,karolina.szewczyk@gmail.com,48555588815,Krakow
Anna Nowicka,anna.nowicka@gmail.com,48738832833,Krakow
Mariusz Dabrowski,mariusz.dabrowski@gmail.com,48527004994,Warszawa
Grazyna Jaworska,grazyna.jaworska@gmail.com,48574332105,Poznan
Emil Nowicki,emil.nowicki@gmail.com,48588456655,Gdansk
Danuta Kozlowska,danuta.kozlowska@gmail.com,48580935575,Krakow
Karolina Wroblewska,karolina.wroblewska@gmail.com,48644302066,Lodz
Halina Kozlowska,halina.kozlowska@gmail.com,48516760388,Lodz
Artur Wojcik,artur.wojcik@gmail.com,48509475087,Krakow
Kamila Kowalczyk,kamila.kowalczyk@gmail.com,48682434598,Warszawa
Jacek Dudek,jacek.dudek@gmail.com,48658607593,Krakow
Bozena Kaczmarek,bozena.kaczmarek@gmail.com,48767739395,Poznan
Edyta Krawczyk,edyta.krawczyk@gmail.com,48708552157,Warszawa
Lukasz Malinowski,lukasz.malinowski@gmail.com,48516931693,Lodz
Jerzy Tomaszewski,jerzy.tomaszewski@gmail.com,48781042213,Warszawa
Marta Zalewska,marta.zalewska@gmail.com,48512609346,Gdansk
Amelia Wieczorek,amelia.wieczorek@gmail.com,48627385192,Gdansk
Helena Gorska,helena.gorska@gmail.com,48795035803,Poznan
Lech Krol,lech.krol@gmail.com,48760347020,Krakow
Leon Szymanski,leon.szymanski@gmail.com,48674812630,Poznan
Dominik Grabowski,dominik.grabowski@gmail.com,48629218863,Poznan
Julia Kowalska,julia.kowalska@gmail.com,48792012579,Krakow
Aleksandra Stepien,aleksandra.stepien@gmail.com,48810905614,Poznan
Natalia Ostrowska,natalia.ostrowska@gmail.com,48552845732,Krakow
Dagmara Malinowska,dagmara.malinowska@gmail.com,48581209348,Krakow
Barbara Pawlowska,barbara.pawlowska@gmail.com,48804293008,Gdansk
Dominik Kaminski,dominik.kaminski@gmail.com,48761512828,Gdansk
Beata Grabowska,beata.grabowska@gmail.com,48728977067,Gdansk
Jozef Walczak,jozef.walczak@gmail.com,48750047614,Krakow
Aleksander Nowak,aleksander.nowak@gmail.com,48520398272,Poznan
Janina Majewska,janina.majewska@gmail.com,48773554568,Krakow
Justyna Zalewska,justyna.zalewska@gmail.com,48623528082,Gdansk
Bogumila Wisniewska,bogumila.wisniewska@gmail.com,48540821322,Gdansk
Leon Sikora,leon.sikora@gmail.com,48513724129,Krakow
Filip Nowicki,filip.nowicki@gmail.com,48634047539,Lodz
Monika Zalewska,monika.zalewska@gmail.com,48509438257,Warszawa
Emil Grabowski,emil.grabowski@gmail.com,48528058495,Krakow
Aneta Wieczorek,aneta.wieczorek@gmail.com,48548963542,Krakow
Laura Kozlowska,laura.kozlowska@gmail.com,48772707170,Poznan
Arkadiusz Witkowski,arkadiusz.witkowski@gmail.com,48637855292,Poznan
Grzegorz Jablonski,grzegorz.jablonski@gmail.com,48763768179,Poznan
Hanna Krawczyk,hanna.krawczyk@gmail.com,48767495461,Poznan
Janusz Wozniak,janusz.wozniak@gmail.com,48784820062,Gdansk
Aleksander Ostrowski,aleksander.ostrowski@gmail.com,48732976256,Krakow
Hanna Witkowska,hanna.witkowska@gmail.com,48548466444,Gdansk
Nina Gorska,nina.gorska@gmail.com,48563885440,Lodz
Karolina Wisniewska,karolina.wisniewska@gmail.com,48633411027,Lodz
Kamila Jankowska,kamila.jankowska@gmail.com,48719943517,Warszawa
Magdalena Michalska,magdalena.michalska@gmail.com,48755946918,Warszawa
Grazyna Wrobel,grazyna.wrobel@gmail.com,48800523990,Gdansk
Grzegorz Michalak,grzegorz.michalak@gmail.com,48809568841,Poznan
Malgorzata Kaczmarek,malgorzata.kaczmarek@gmail.com,48786480757,Warszawa
Daniel Jankowski,daniel.jankowski@gmail.com,48575308815,Poznan
Ireneusz Kaminski,ireneusz.kaminski@gmail.com,48740426642,Gdansk
Damian Dabrowski,damian.dabrowski@gmail.com,48504855033,Poznan
Alicja Wrobel,alicja.wrobel@gmail.com,48754925216,Gdansk
Bozena Kozlowska,bozena.kozlowska@gmail.com,48507818496,Gdansk
Jadwiga Kaczmarek,jadwiga.kaczmarek@gmail.com,48787277292,Gdansk
Janusz Wojciechowski,janusz.wojciechowski@gmail.com,48653527568,Lodz
Irena Kaminska,irena.kaminska@gmail.com,48531237432,Warszawa
Kinga Grabowska,kinga.grabowska@gmail.com,48520807053,Lodz
Izabela Jankowska,izabela.jankowska@gmail.com,48671284236,Poznan
Filip Piotrowski,filip.piotrowski@gmail.com,48578295994,Krakow
Grzegorz Nowakowski,grzegorz.nowakowski@gmail.com,48656474814,Warszawa
Jan Walczak,jan.walczak@gmail.com,48529759733,Poznan
Kazimierz Baran,kazimierz.baran@gmail.com,48567934447,Poznan
Krystyna Nowak,krystyna.nowak@gmail.com,48510555112,Poznan
Dariusz Michalski,dariusz.michalski@gmail.com,48647151581,Gdansk
Janina Kowalska,janina.kowalska@gmail.com,48525859043,Gdansk
Cezary Majewski,cezary.majewski@gmail.com,48535789978,Gdansk
Damian Michalski,damian.michalski@gmail.com,48760575053,Poznan
Dorota Kozlowska,dorota.kozlowska@gmail.com,48783874767,Poznan
Janina Wozniak,janina.wozniak@gmail.com,48756320517,Krakow
Hanna Szewczyk,hanna.szewczyk@gmail.com,48571693321,Gdansk
Danuta Piotrowska,danuta.piotrowska@gmail.com,48527456888,Gdansk
Barbara Kowalczyk,barbara.kowalczyk@gmail.com,48555701464,Krakow
Kazimiera Pawlowska,kazimiera.pawlowska@gmail.com,48705220335,Lodz
Kamila Szewczyk,kamila.szewczyk@gmail.com,48768485839,Krakow
Boleslaw Gorski,boleslaw.gorski@gmail.com,48702781052,Lodz
Aneta Krawczyk,aneta.krawczyk@gmail.com,48766164899,Poznan
Dagmara Dudek,dagmara.dudek@gmail.com,48627617815,Gdansk
Henryk Grabowski,henryk.grabowski@gmail.com,48742083459,Krakow
Anna Wroblewska,anna.wroblewska@gmail.com,48615027722,Krakow
Kacper Nowakowski,kacper.nowakowski@gmail.com,48713196027,Lodz
Gabriela Wojciechowska,gabriela.wojciechowska@gmail.com,48816716192,Krakow
Marta Sikora,marta.sikora@gmail.com,48596075095,Poznan
Boleslaw Malinowski,boleslaw.malinowski@gmail.com,48531186376,Poznan
Dominik Michalak,dominik.michalak@gmail.com,48705028655,Warszawa
Krystyna Kowalska,krystyna.kowalska@gmail.com,48518198518,Gdansk
Maciej Gorski,maciej.gorski@gmail.com,48725968592,Warszawa
Grzegorz Zielinski,grzegorz.zielinski@gmail.com,48816842120,Warszawa
Ewa Malinowska,ewa.malinowska@gmail.com,48789331575,Gdansk
Amelia Wroblewska,amelia.wroblewska@gmail.com,48531096158,Lodz
Anita Pietrzak,anita.pietrzak@gmail.com,48710988099,Gdansk
Adam Szymanski,adam.szymanski@gmail.com,48656221946,Krakow
Jerzy Zielinski,jerzy.zielinski@gmail.com,48585101910,Gdansk
Marek Krawczyk,marek.krawczyk@gmail.com,48556827153,Warszawa
Krzysztof Jankowski,krzysztof.jankowski@gmail.com,48663553727,Poznan
Eryk Wieczorek,eryk.wieczorek@gmail.com,48760048128,Lodz
Mateusz Kaminski,mateusz.kaminski@gmail.com,48581653548,Warszawa
Marian Wojciechowski,marian.wojciechowski@gmail.com,48743475747,Krakow
Kajetan Kwiatkowski,kajetan.kwiatkowski@gmail.com,48640988302,Lodz
Kajetan Piotrowski,kajetan.piotrowski@gmail.com,48693574987,Poznan
Aleksandra Mazur,aleksandra.mazur@gmail.com,48507944737,Warszawa
Kazimierz Lewandowski,kazimierz.lewandowski@gmail.com,48628435147,Warszawa
Andrzej Olszewski,andrzej.olszewski@gmail.com,48614324242,Krakow
Mateusz Wrobel,mateusz.wrobel@gmail.com,48526845278,Poznan
Janusz Jankowski,janusz.jankowski@gmail.com,48532335127,Poznan
Czeslawa Pietrzak,czeslawa.pietrzak@gmail.com,48725498381,Poznan
Karolina Jankowska,karolina.jankowska@gmail.com,48784958165,Lodz
Jan Wrobel,jan.wrobel@gmail.com,48675553504,Krakow
Arkadiusz Wrobel,arkadiusz.wrobel@gmail.com,48794377114,Krakow
Justyna Pietrzak,justyna.pietrzak@gmail.com,48557080811,Warszawa
Maciej Jablonski,maciej.jablonski@gmail.com,48810913889,Lodz
Bartosz Olszewski,bartosz.olszewski@gmail.com,48537618115,Poznan
Kazimierz Dabrowski,kazimierz.dabrowski@gmail.com,48624050740,Warszawa
Filip Michalak,filip.michalak@gmail.com,48746187287,Krakow
Magdalena Zalewska,magdalena.zalewska@gmail.com,48585365989,Warszawa
Bartlomiej Majewski,bartlomiej.majewski@gmail.com,48661021150,Gdansk
Damian Pawlak,damian.pawlak@gmail.com,48687810827,Lodz
Katarzyna Olszewska,katarzyna.olszewska@gmail.com,48517036834,Lodz
Emil Rutkowski,emil.rutkowski@gmail.com,48629060373,Gdansk
Gabriel Szymanski,gabriel.szymanski@gmail.com,48670966012,Poznan
Henryk Krawczyk,henryk.krawczyk@gmail.com,48709098569,Warszawa
Amelia Wrobel,amelia.wrobel@gmail.com,48620628588,Krakow
Lucyna Dudek,lucyna.dudek@gmail.com,48772522206,Gdansk
Janina Kaczmarek,janina.kaczmarek@gmail.com,48786290245,Poznan
Grazyna Kowalska,grazyna.kowalska@gmail.com,48553125019,Lodz
Jerzy Rutkowski,jerzy.rutkowski@gmail.com,48502199742,Krakow
Janusz Kaczmarek,janusz.kaczmarek@gmail.com,48685646575,Warszawa
Jaroslaw Ostrowski,jaroslaw.ostrowski@gmail.com,48643096094,Gdansk
Jan Jankowski,jan.jankowski@gmail.com,48532076405,Krakow
Karolina Grabowska,karolina.grabowska@gmail.com,48542135648,Lodz
Lucyna Witkowska,lucyna.witkowska@gmail.com,48533077112,Gdansk
Natalia Wrobel,natalia.wrobel@gmail.com,48646548291,Lodz
Alicja Tomaszewska,alicja.tomaszewska@gmail.com,48564800310,Warszawa
Lech Szymanski,lech.szymanski@gmail.com,48766479030,Warszawa
Emil Walczak,emil.walczak@gmail.com,48609740622,Krakow
Bartosz Stepien,bartosz.stepien@gmail.com,48508132042,Lodz
Edward Stepien,edward.stepien@gmail.com,48715038677,Lodz
Kajetan Wrobel,kajetan.wrobel@gmail.com,48635789285,Gdansk
Laura Wojciechowska,laura.wojciechowska@gmail.com,48552497054,Lodz
Jolanta Krol,jolanta.krol@gmail.com,48509868651,Poznan
Elzbieta Kowalska,elzbieta.kowalska@gmail.com,48764713131,Warszawa
Aneta Sikora,aneta.sikora@gmail.com,48590552271,Warszawa
Antoni Majewski,antoni.majewski@gmail.com,48683077316,Lodz
Danuta Zalewska,danuta.zalewska@gmail.com,48554010680,Krakow
Laura Wozniak,laura.wozniak@gmail.com,48773853973,Lodz
Jakub Witkowski,jakub.witkowski@gmail.com,48658620051,Krakow
Edward Wozniak,edward.wozniak@gmail.com,48729632545,Lodz
Mariusz Kwiatkowski,mariusz.kwiatkowski@gmail.com,48524006313,Gdansk
Eryk Szymanski,eryk.szymanski@gmail.com,48768702322,Warszawa
Antoni Michalak,antoni.michalak@gmail.com,48634662771,Lodz
Hubert Mazur,hubert.mazur@gmail.com,48744855776,Krakow
Laura Ostrowska,laura.ostrowska@gmail.com,48664720160,Poznan
Krystyna Zalewska,krystyna.zalewska@gmail.com,48509147900,Krakow
Cezary Zielinski,cezary.zielinski@gmail.com,48671993032,Krakow
Aleksander Kaminski,aleksander.kaminski@gmail.com,48711853727,Gdansk
Czeslawa Dudek,czeslawa.dudek@gmail.com,48752893640,Lodz
Izabela Zielinska,izabela.zielinska@gmail.com,48812982860,Krakow
Janina Walczak,janina.walczak@gmail.com,48644191419,Lodz
Aleksandra Walczak,aleksandra.walczak@gmail.com,48537479064,Krakow
Ignacy Nowak,ignacy.nowak@gmail.com,48727411134,Warszawa
Aleksandra Jablonska,aleksandra.jablonska@gmail.com,48666201841,Gdansk
Cyprian Kaczmarek,cyprian.kaczmarek@gmail.com,48590407511,Warszawa
Adam Walczak,adam.walczak@gmail.com,48777867659,Poznan
Grazyna Wojciechowska,grazyna.wojciechowska@gmail.com,48808300358,Gdansk
Monika Pawlowska,monika.pawlowska@gmail.com,48805634024,Warszawa
